{
  "molecule_name": "mols_65_3_22_n-cF-CF",
  "dihedral_angle": 153.68140837837427,
  "energy": -82186.13461760226,
  "homo": -9.045341474,
  "lumo": -0.18340483600000002,
  "homo_lumo_gap": 8.861936638000001
}