{
  "molecule_name": "mols_66_1_12_c-c-cF-cOC",
  "dihedral_angle": 122.90971621008967,
  "energy": -19064.896048961215,
  "homo": -9.526166912,
  "lumo": 2.3325612080000004,
  "homo_lumo_gap": 11.858728120000002
}