{
  "molecule_name": "mols_66_5_14_n-n-cF-cOC",
  "dihedral_angle": 125.2701935277521,
  "energy": -96997.1806563,
  "homo": -9.308475712,
  "lumo": 0.372251952,
  "homo_lumo_gap": 9.680727663999999
}