{
  "molecule_name": "mols_65_5_18_n-n-CF",
  "dihedral_angle": 179.99698635903877,
  "energy": -131634.5811292675,
  "homo": -10.001005842000001,
  "lumo": -0.5948412040000001,
  "homo_lumo_gap": 9.406164638000002
}