{
  "molecule_name": "mols_66_7_02_n-n-c-c",
  "dihedral_angle": 145.87395693787897,
  "energy": -95166.32043344874,
  "homo": -9.029830976000001,
  "lumo": 0.06666793,
  "homo_lumo_gap": 9.096498906
}