{
  "molecule_name": "mols_66_1_04_c-n-c-cF",
  "dihedral_angle": 158.97484635139648,
  "energy": -15982.579484849448,
  "homo": -9.75256576,
  "lumo": 1.316487532,
  "homo_lumo_gap": 11.069053292
}