{
  "molecule_name": "mols_65_5_30_cF-cF-CF",
  "dihedral_angle": 133.14228887730656,
  "energy": -148955.76185846995,
  "homo": -9.222759802,
  "lumo": -0.17660198600000002,
  "homo_lumo_gap": 9.046157816000001
}