{
  "molecule_name": "mols_55_7_03_C-COC",
  "dihedral_angle": 179.952586952713,
  "energy": -234964.20960821374,
  "homo": -7.463814906,
  "lumo": -0.014694156000000002,
  "homo_lumo_gap": 7.44912075
}