{
  "molecule_name": "mols_65_7_05_c-n-N",
  "dihedral_angle": -169.4085497012723,
  "energy": -157086.9782286309,
  "homo": -8.997993638,
  "lumo": -0.419871902,
  "homo_lumo_gap": 8.578121736
}