{
  "molecule_name": "mols_65_1_15_c-cOC-COC",
  "dihedral_angle": 0.00432980514003819,
  "energy": -30340.418634187667,
  "homo": -15.858259691999999,
  "lumo": -2.439229896,
  "homo_lumo_gap": 13.419029795999998
}