{
  "molecule_name": "mols_55_3_02_C-N",
  "dihedral_angle": -179.93727400344264,
  "energy": -93890.43611276978,
  "homo": -8.552815134,
  "lumo": -0.028027742000000005,
  "homo_lumo_gap": 8.524787391999999
}