{
  "molecule_name": "mols_66_3_14_n-n-cF-cOC",
  "dihedral_angle": 125.45003933493038,
  "energy": -58307.10305376708,
  "homo": -9.346843786,
  "lumo": 0.60137194,
  "homo_lumo_gap": 9.948215726
}