{
  "molecule_name": "mols_65_3_33_cF-cOC-N",
  "dihedral_angle": 9.294934723734295,
  "energy": -83518.54156555519,
  "homo": -8.735403628,
  "lumo": 0.131158948,
  "homo_lumo_gap": 8.866562576
}