{
  "molecule_name": "mols_66_5_15_c-c-cOC-cOC",
  "dihedral_angle": 120.17303306673723,
  "energy": -99837.1498876631,
  "homo": -8.878807706000002,
  "lumo": 1.5646555000000002,
  "homo_lumo_gap": 10.443463206000002
}