{
  "molecule_name": "mols_66_7_08_n-n-c-cOC",
  "dihedral_angle": 28.951480888393665,
  "energy": -116939.57270658377,
  "homo": -8.82057531,
  "lumo": 0.3401425,
  "homo_lumo_gap": 9.160717810000001
}