{
  "molecule_name": "mols_55_1_05_CF-N",
  "dihedral_angle": -179.96868350042715,
  "energy": -33927.12389756308,
  "homo": -9.579229142,
  "lumo": 1.095530964,
  "homo_lumo_gap": 10.674760106
}