{
  "molecule_name": "mols_65_7_30_cF-cF-CF",
  "dihedral_angle": 132.88228687900175,
  "energy": -210027.1433343205,
  "homo": -9.181942702,
  "lumo": -0.191024028,
  "homo_lumo_gap": 8.990918674000001
}