{
  "molecule_name": "mols_66_3_10_c-n-cF-cF",
  "dihedral_angle": 136.9428830376246,
  "energy": -55815.34797086902,
  "homo": -9.489975750000001,
  "lumo": 0.263406352,
  "homo_lumo_gap": 9.753382102000002
}