{
  "molecule_name": "mols_65_1_35_cF-cOC-COC",
  "dihedral_angle": 119.631581826813,
  "energy": -32348.791903840607,
  "homo": -11.198307442,
  "lumo": 2.265893278,
  "homo_lumo_gap": 13.464200720000001
}