{
  "molecule_name": "mols_55_3_03_C-COC",
  "dihedral_angle": 179.87962182985632,
  "energy": -100748.87822336316,
  "homo": -7.67089366,
  "lumo": 0.305856136,
  "homo_lumo_gap": 7.976749796
}