{
  "molecule_name": "mols_55_3_07_N-N",
  "dihedral_angle": -179.5279650962357,
  "energy": -93757.45081723598,
  "homo": -9.105478668,
  "lumo": -0.421232472,
  "homo_lumo_gap": 8.684246196
}