{
  "molecule_name": "mols_65_5_21_n-cF-N",
  "dihedral_angle": 179.26513419446238,
  "energy": -126690.21799944331,
  "homo": -9.094866222,
  "lumo": -0.576609566,
  "homo_lumo_gap": 8.518256656
}