{
  "molecule_name": "mols_65_3_26_n-cOC-CF",
  "dihedral_angle": 147.00713973302945,
  "energy": -85007.03060399681,
  "homo": -8.543291144000001,
  "lumo": 0.44463427600000005,
  "homo_lumo_gap": 8.987925420000002
}