{
  "molecule_name": "mols_66_7_09_c-c-cF-cF",
  "dihedral_angle": 128.00054892538,
  "energy": -130209.6715720968,
  "homo": -9.184935956,
  "lumo": 0.5572894720000001,
  "homo_lumo_gap": 9.742225428000001
}