{
  "molecule_name": "mols_65_3_12_c-cOC-C",
  "dihedral_angle": -179.95378486103507,
  "energy": -77162.82516510696,
  "homo": -8.432268632,
  "lumo": 0.556745244,
  "homo_lumo_gap": 8.989013876
}