{
  "molecule_name": "mols_65_3_01_c-c-N",
  "dihedral_angle": -179.6431025925129,
  "energy": -65858.71091456851,
  "homo": -8.802071558,
  "lumo": 0.051157432,
  "homo_lumo_gap": 8.85322899
}