{
  "molecule_name": "mols_55_3_01_C-CF",
  "dihedral_angle": -179.99095238854142,
  "energy": -99552.21341747101,
  "homo": -8.303558709999999,
  "lumo": -0.065035246,
  "homo_lumo_gap": 8.238523463999998
}