{
  "molecule_name": "mols_55_3_04_CF-CF",
  "dihedral_angle": 179.99881533901848,
  "energy": -107693.83271292692,
  "homo": -8.486691432,
  "lumo": -0.194289396,
  "homo_lumo_gap": 8.292402036
}