{
  "molecule_name": "mols_55_3_06_CF-COC",
  "dihedral_angle": -179.23051966443364,
  "energy": -110268.72419571968,
  "homo": -7.776473891999999,
  "lumo": 0.30313499600000005,
  "homo_lumo_gap": 8.079608888
}