{
  "molecule_name": "mols_65_7_14_c-cOC-CF",
  "dihedral_angle": 131.46611548187013,
  "energy": -192300.90450220153,
  "homo": -8.333491250000002,
  "lumo": 0.36871447,
  "homo_lumo_gap": 8.702205720000002
}