{
  "molecule_name": "mols_65_1_34_cF-cOC-CF",
  "dihedral_angle": 126.33405152232356,
  "energy": -30316.794891560236,
  "homo": -9.562630188,
  "lumo": 1.8514636560000002,
  "homo_lumo_gap": 11.414093844
}