{
  "molecule_name": "mols_65_3_04_c-n-C",
  "dihedral_angle": -0.6269070796500703,
  "energy": -65874.20370039614,
  "homo": -8.508460552,
  "lumo": 0.190207686,
  "homo_lumo_gap": 8.698668238000002
}