{
  "molecule_name": "mols_66_1_02_n-n-c-c",
  "dihedral_angle": -0.0033272778684926238,
  "energy": -13685.175885876233,
  "homo": -9.76072918,
  "lumo": 1.226962026,
  "homo_lumo_gap": 10.987691206000001
}