{
  "molecule_name": "mols_55_1_00_C-C",
  "dihedral_angle": -179.7916651930527,
  "energy": -31416.35585192722,
  "homo": -9.599093464000001,
  "lumo": 1.602479346,
  "homo_lumo_gap": 11.201572810000002
}