{
  "molecule_name": "mols_65_5_33_cF-cOC-N",
  "dihedral_angle": 9.056246432783968,
  "energy": -139638.18982634286,
  "homo": -8.599074514000002,
  "lumo": -0.08027363,
  "homo_lumo_gap": 8.518800884000001
}