{
  "molecule_name": "mols_65_3_13_c-cOC-N",
  "dihedral_angle": 137.80916908752678,
  "energy": -75324.84996688525,
  "homo": -8.621932090000001,
  "lumo": 0.411436368,
  "homo_lumo_gap": 9.033368458000002
}