{
  "molecule_name": "mols_65_7_21_n-cF-N",
  "dihedral_angle": 179.30125341284938,
  "energy": -177539.21692889705,
  "homo": -9.090784512,
  "lumo": -0.6506245740000001,
  "homo_lumo_gap": 8.440159938
}