{
  "molecule_name": "mols_55_5_08_N-COC",
  "dihedral_angle": -179.7713298249484,
  "energy": -174105.9150619847,
  "homo": -7.995253548000001,
  "lumo": 0.137145456,
  "homo_lumo_gap": 8.132399004000002
}