{
  "molecule_name": "mols_65_3_29_cF-cF-N",
  "dihedral_angle": 152.37101853950716,
  "energy": -83300.09241949172,
  "homo": -9.289427732,
  "lumo": -0.083538998,
  "homo_lumo_gap": 9.205888734
}