{
  "molecule_name": "mols_65_5_13_c-cOC-N",
  "dihedral_angle": 0.5307571353011842,
  "energy": -125747.21549559878,
  "homo": -8.340566214,
  "lumo": 0.102859092,
  "homo_lumo_gap": 8.443425306
}