{
  "molecule_name": "mols_65_5_08_c-cF-C",
  "dihedral_angle": 158.41694255184186,
  "energy": -122054.63250016407,
  "homo": -8.442608964,
  "lumo": 0.054694914000000004,
  "homo_lumo_gap": 8.497303878
}