{
  "molecule_name": "mols_55_1_07_N-N",
  "dihedral_angle": 180.0,
  "energy": -32078.449600814987,
  "homo": -10.079646788000002,
  "lumo": 1.044645646,
  "homo_lumo_gap": 11.124292434000001
}