{
  "molecule_name": "mols_65_1_28_cF-cF-C",
  "dihedral_angle": 30.06529036440143,
  "energy": -27956.85885733412,
  "homo": -9.929711974,
  "lumo": 1.749420906,
  "homo_lumo_gap": 11.679132880000001
}