{
  "molecule_name": "mols_65_7_04_c-n-C",
  "dihedral_angle": -179.03267625954842,
  "energy": -155613.07004145716,
  "homo": -8.327776856,
  "lumo": -0.019864322,
  "homo_lumo_gap": 8.307912534
}