{
  "molecule_name": "mols_65_5_38_cOC-cOC-CF",
  "dihedral_angle": 51.40515104670108,
  "energy": -153589.14814437422,
  "homo": -8.350090204,
  "lumo": 0.716748276,
  "homo_lumo_gap": 9.066838480000001
}