{
  "molecule_name": "mols_55_7_00_C-C",
  "dihedral_angle": 160.27306450726394,
  "energy": -215451.98801508392,
  "homo": -7.986818014,
  "lumo": 0.0046259380000000004,
  "homo_lumo_gap": 7.991443952
}