{
  "molecule_name": "mols_55_5_02_C-N",
  "dihedral_angle": 179.25847414115137,
  "energy": -153800.94392544727,
  "homo": -8.498664448,
  "lumo": -0.375245206,
  "homo_lumo_gap": 8.123419241999999
}