{
  "molecule_name": "mols_65_3_08_c-cF-C",
  "dihedral_angle": 157.21075243880802,
  "energy": -72617.49930818833,
  "homo": -8.576216938,
  "lumo": 0.208439324,
  "homo_lumo_gap": 8.784656262
}