{
  "molecule_name": "mols_65_7_34_cF-cOC-CF",
  "dihedral_angle": 128.69100899075372,
  "energy": -210914.88284700562,
  "homo": -8.763159256,
  "lumo": 0.214697946,
  "homo_lumo_gap": 8.977857202
}