{
  "molecule_name": "mols_65_3_31_cF-cF-COC",
  "dihedral_angle": 50.84439804552658,
  "energy": -91934.53418817828,
  "homo": -8.695130756,
  "lumo": 0.6258622,
  "homo_lumo_gap": 9.320992956
}