{
  "molecule_name": "mols_65_3_05_c-n-N",
  "dihedral_angle": -168.83815780636883,
  "energy": -67166.97607170984,
  "homo": -9.116635342,
  "lumo": -0.088164936,
  "homo_lumo_gap": 9.028470406
}