{
  "molecule_name": "mols_66_5_01_c-n-c-c",
  "dihedral_angle": 14.76436895983732,
  "energy": -65856.67938573164,
  "homo": -8.703566290000001,
  "lumo": 0.281910104,
  "homo_lumo_gap": 8.985476394
}