{
  "molecule_name": "mols_65_5_23_n-cF-COC",
  "dihedral_angle": 144.6585394729416,
  "energy": -138967.1482757886,
  "homo": -8.32396726,
  "lumo": 0.015510498,
  "homo_lumo_gap": 8.339477758
}