{
  "molecule_name": "mols_66_7_05_n-n-c-cF",
  "dihedral_angle": 145.09025671789556,
  "energy": -114465.61297096917,
  "homo": -9.297319038,
  "lumo": -0.140955052,
  "homo_lumo_gap": 9.156363985999999
}