{
  "molecule_name": "mols_66_7_13_c-n-cF-cOC",
  "dihedral_angle": 130.09253784217694,
  "energy": -133076.70961844502,
  "homo": -9.033368458,
  "lumo": 0.372251952,
  "homo_lumo_gap": 9.40562041
}