{
  "molecule_name": "mols_65_7_23_n-cF-COC",
  "dihedral_angle": 147.0617955374379,
  "energy": -201641.1888158747,
  "homo": -8.296483746,
  "lumo": 0.0021769120000000005,
  "homo_lumo_gap": 8.298660658
}