{
  "molecule_name": "mols_66_3_15_c-c-cOC-cOC",
  "dihedral_angle": 118.25834549919199,
  "energy": -57209.82891632641,
  "homo": -8.497031763999999,
  "lumo": 1.4688713720000002,
  "homo_lumo_gap": 9.965903136
}