{
  "molecule_name": "mols_65_7_35_cF-cOC-COC",
  "dihedral_angle": 120.7013686837437,
  "energy": -218527.41805528358,
  "homo": -8.30219814,
  "lumo": 0.815253544,
  "homo_lumo_gap": 9.117451684
}