{
  "molecule_name": "mols_65_3_36_cOC-cOC-C",
  "dihedral_angle": 148.16109128553524,
  "energy": -86188.86288147095,
  "homo": -8.0409687,
  "lumo": 1.1379807480000002,
  "homo_lumo_gap": 9.178949448000001
}