{
  "molecule_name": "mols_55_5_00_C-C",
  "dihedral_angle": 159.31924001151668,
  "energy": -153313.7168298116,
  "homo": -8.07090124,
  "lumo": 0.044898810000000004,
  "homo_lumo_gap": 8.115800049999999
}