{
  "molecule_name": "mols_65_3_35_cF-cOC-COC",
  "dihedral_angle": 47.76175078361078,
  "energy": -92686.85419512056,
  "homo": -8.408866828,
  "lumo": 0.9238270300000001,
  "homo_lumo_gap": 9.332693858
}