{
  "molecule_name": "mols_65_3_21_n-cF-N",
  "dihedral_angle": 179.59927302954088,
  "energy": -77672.7732510251,
  "homo": -9.292148872,
  "lumo": -0.180411582,
  "homo_lumo_gap": 9.11173729
}