{
  "molecule_name": "mols_66_5_03_c-c-c-cF",
  "dihedral_angle": 137.98118900788458,
  "energy": -77631.43766637007,
  "homo": -8.906835448,
  "lumo": 0.5736163120000001,
  "homo_lumo_gap": 9.480451760000001
}