{
  "molecule_name": "mols_65_5_00_c-c-C",
  "dihedral_angle": 149.5312404280655,
  "energy": -107738.11029972638,
  "homo": -8.29403472,
  "lumo": 0.27075343,
  "homo_lumo_gap": 8.56478815
}