{
  "molecule_name": "mols_65_5_27_n-cOC-COC",
  "dihedral_angle": 137.64092688759044,
  "energy": -142403.8134578631,
  "homo": -7.986273786,
  "lumo": 0.574704768,
  "homo_lumo_gap": 8.560978554
}