{
  "molecule_name": "mols_66_1_16_c-n-cOC-cOC",
  "dihedral_angle": 125.34073514898087,
  "energy": -21081.751983629725,
  "homo": -12.51044115,
  "lumo": 1.401114986,
  "homo_lumo_gap": 13.911556136
}