{
  "molecule_name": "mols_65_1_29_cF-cF-N",
  "dihedral_angle": 142.41455422251929,
  "energy": -27788.388021606974,
  "homo": -10.051346932,
  "lumo": 1.282201168,
  "homo_lumo_gap": 11.3335481
}