{
  "molecule_name": "mols_66_1_10_c-n-cF-cF",
  "dihedral_angle": 135.67911601752593,
  "energy": -19050.26575406252,
  "homo": -10.073932394,
  "lumo": 1.58370348,
  "homo_lumo_gap": 11.657635874
}