{
  "molecule_name": "mols_65_1_03_c-c-COC",
  "dihedral_angle": 25.581416839670453,
  "energy": -25128.448110415116,
  "homo": -8.826561818,
  "lumo": 1.8843894500000002,
  "homo_lumo_gap": 10.710951268
}