{
  "molecule_name": "mols_65_1_26_n-cOC-CF",
  "dihedral_angle": 144.34560687559133,
  "energy": -28381.338609916544,
  "homo": -9.292693100000001,
  "lumo": 1.66125597,
  "homo_lumo_gap": 10.95394907
}