{
  "molecule_name": "mols_55_3_00_C-C",
  "dihedral_angle": 161.61921646014324,
  "energy": -92406.2578504376,
  "homo": -8.137569169999999,
  "lumo": 0.256603502,
  "homo_lumo_gap": 8.394172672
}