{
  "molecule_name": "mols_66_1_00_c-c-c-c",
  "dihedral_angle": 138.55869223803768,
  "energy": -12761.718135799125,
  "homo": -9.54984083,
  "lumo": 1.8386742980000002,
  "homo_lumo_gap": 11.388515128000002
}