{
  "molecule_name": "mols_65_3_11_c-cF-COC",
  "dihedral_angle": 133.53228292199478,
  "energy": -85866.55864929564,
  "homo": -8.816493600000001,
  "lumo": 0.62041992,
  "homo_lumo_gap": 9.436913520000001
}