{
  "molecule_name": "mols_66_5_09_c-c-cF-cF",
  "dihedral_angle": 128.25294466725245,
  "energy": -90725.11273293315,
  "homo": -9.301944976,
  "lumo": 0.448171758,
  "homo_lumo_gap": 9.750116733999999
}