{
  "molecule_name": "mols_65_3_02_c-c-CF",
  "dihedral_angle": 157.3400507359778,
  "energy": -72737.45795523917,
  "homo": -8.581659218,
  "lumo": 0.223949822,
  "homo_lumo_gap": 8.80560904
}