{
  "molecule_name": "mols_66_1_14_n-n-cF-cOC",
  "dihedral_angle": 124.17789200044069,
  "energy": -19447.248163893095,
  "homo": -9.778960818000002,
  "lumo": 1.581798682,
  "homo_lumo_gap": 11.360759500000002
}