{
  "molecule_name": "mols_66_5_07_c-n-c-cOC",
  "dihedral_angle": 155.52338678113298,
  "energy": -81202.97740535744,
  "homo": -8.574584254000001,
  "lumo": 0.45878420400000003,
  "homo_lumo_gap": 9.033368458000002
}