{
  "molecule_name": "mols_65_7_28_cF-cF-C",
  "dihedral_angle": 155.19181743294445,
  "energy": -190102.90056074812,
  "homo": -8.591455322,
  "lumo": -0.243269916,
  "homo_lumo_gap": 8.348185406
}