{
  "molecule_name": "mols_66_7_12_c-c-cF-cOC",
  "dihedral_angle": 123.26392943673348,
  "energy": -130713.11665777862,
  "homo": -8.704654746000001,
  "lumo": 0.81089972,
  "homo_lumo_gap": 9.515554466000001
}