{
  "molecule_name": "mols_65_1_30_cF-cF-CF",
  "dihedral_angle": 131.07804298333895,
  "energy": -29769.59500123038,
  "homo": -9.93488214,
  "lumo": 1.46397332,
  "homo_lumo_gap": 11.39885546
}