{
  "molecule_name": "mols_65_5_16_n-n-C",
  "dihedral_angle": -179.77723985723856,
  "energy": -116122.89623793279,
  "homo": -9.052144324,
  "lumo": -0.053334344,
  "homo_lumo_gap": 8.99880998
}