{
  "molecule_name": "mols_66_5_10_c-n-cF-cF",
  "dihedral_angle": 136.83405885340164,
  "energy": -94254.62981111638,
  "homo": -9.39745699,
  "lumo": 0.214425832,
  "homo_lumo_gap": 9.611882822
}