{
  "molecule_name": "mols_65_5_03_c-c-COC",
  "dihedral_angle": 159.14159682747746,
  "energy": -123742.68555972801,
  "homo": -7.803685292,
  "lumo": 0.36544910199999997,
  "homo_lumo_gap": 8.169134394
}