{
  "molecule_name": "mols_65_5_32_cF-cOC-C",
  "dihedral_angle": 146.7967858582622,
  "energy": -138362.30188219386,
  "homo": -8.208046696,
  "lumo": 0.35646934,
  "homo_lumo_gap": 8.564516036
}