{
  "molecule_name": "mols_65_1_13_c-cOC-N",
  "dihedral_angle": 0.0015775633072904716,
  "energy": -25159.0965267018,
  "homo": -9.264665358,
  "lumo": 1.33471917,
  "homo_lumo_gap": 10.599384528
}