{
  "molecule_name": "mols_66_7_17_n-n-cOC-cOC",
  "dihedral_angle": 118.92101240785313,
  "energy": -138716.00320620355,
  "homo": -8.985476394,
  "lumo": 0.683550368,
  "homo_lumo_gap": 9.669026762000001
}