{
  "molecule_name": "mols_66_5_08_n-n-c-cOC",
  "dihedral_angle": 30.305914157139767,
  "energy": -84238.2669047722,
  "homo": -8.827650274,
  "lumo": 0.480009096,
  "homo_lumo_gap": 9.30765937
}