{
  "molecule_name": "mols_65_7_11_c-cF-COC",
  "dihedral_angle": 24.07145024333329,
  "energy": -192962.88630230125,
  "homo": -7.9879064699999995,
  "lumo": 0.177690442,
  "homo_lumo_gap": 8.165596912
}