{
  "molecule_name": "mols_66_5_05_n-n-c-cF",
  "dihedral_angle": 144.92081824592194,
  "energy": -82385.94856101154,
  "homo": -9.233916476,
  "lumo": -0.037551732,
  "homo_lumo_gap": 9.196364743999998
}