{
  "molecule_name": "mols_66_3_07_c-n-c-cOC",
  "dihedral_angle": 155.19294149207226,
  "energy": -48797.07148344438,
  "homo": -8.620299406,
  "lumo": 0.680285,
  "homo_lumo_gap": 9.300584406
}