{
  "molecule_name": "mols_66_3_01_c-n-c-c",
  "dihedral_angle": 165.3290640610848,
  "energy": -39345.22582742454,
  "homo": -8.827922388,
  "lumo": 0.45443038,
  "homo_lumo_gap": 9.282352767999999
}