{
  "molecule_name": "mols_65_3_03_c-c-COC",
  "dihedral_angle": 161.64027247264704,
  "energy": -75202.08908224324,
  "homo": -7.877972414,
  "lumo": 0.677019632,
  "homo_lumo_gap": 8.554992046
}