{
  "molecule_name": "mols_65_3_20_n-cF-C",
  "dihedral_angle": -179.87985838196732,
  "energy": -74138.90919903968,
  "homo": -8.67091261,
  "lumo": -0.125716668,
  "homo_lumo_gap": 8.545195942
}