{
  "molecule_name": "mols_65_1_08_c-cF-C",
  "dihedral_angle": 154.6945449501337,
  "energy": -24305.477921194262,
  "homo": -9.383307062000002,
  "lumo": 1.333630714,
  "homo_lumo_gap": 10.716937776000002
}