{
  "molecule_name": "mols_65_3_18_n-n-CF",
  "dihedral_angle": 179.58460578228642,
  "energy": -75524.73151865053,
  "homo": -9.160989924,
  "lumo": -0.149118472,
  "homo_lumo_gap": 9.011871452000001
}