{
  "molecule_name": "mols_66_1_13_c-n-cF-cOC",
  "dihedral_angle": 130.4570539805306,
  "energy": -19136.505856608026,
  "homo": -9.510928528,
  "lumo": 1.688739484,
  "homo_lumo_gap": 11.199668012
}