{
  "molecule_name": "mols_66_7_00_c-c-c-c",
  "dihedral_angle": 39.988057037750096,
  "energy": -89847.7893044318,
  "homo": -8.611863872,
  "lumo": 0.784232548,
  "homo_lumo_gap": 9.396096420000001
}