{
  "molecule_name": "mols_55_5_04_CF-CF",
  "dihedral_angle": -179.52102404453862,
  "energy": -179880.45733211297,
  "homo": -8.455398322,
  "lumo": -0.366537558,
  "homo_lumo_gap": 8.088860764000001
}