{
  "molecule_name": "mols_65_7_18_n-n-CF",
  "dihedral_angle": 179.49533614010707,
  "energy": -176139.62942490348,
  "homo": -9.052416438000002,
  "lumo": -0.49252634000000006,
  "homo_lumo_gap": 8.559890098000002
}