{
  "molecule_name": "mols_65_3_15_c-cOC-COC",
  "dihedral_angle": 126.98438242278817,
  "energy": -84287.94193072195,
  "homo": -8.036614876,
  "lumo": 1.0503600400000002,
  "homo_lumo_gap": 9.086974915999999
}