{
  "molecule_name": "mols_65_7_08_c-cF-C",
  "dihedral_angle": 158.0084390949834,
  "energy": -170906.20427541703,
  "homo": -8.389546734,
  "lumo": -0.07211021000000001,
  "homo_lumo_gap": 8.317436524
}