{
  "molecule_name": "mols_66_3_00_c-c-c-c",
  "dihedral_angle": 140.48593174384064,
  "energy": -38287.715525399035,
  "homo": -8.766968852000002,
  "lumo": 0.9406980979999999,
  "homo_lumo_gap": 9.707666950000002
}