{
  "molecule_name": "mols_66_3_04_c-n-c-cF",
  "dihedral_angle": -162.80938151012143,
  "energy": -47556.80903098431,
  "homo": -9.125615104,
  "lumo": 0.29524369,
  "homo_lumo_gap": 9.420858793999999
}