{
  "molecule_name": "mols_55_1_03_C-COC",
  "dihedral_angle": 179.9999672911512,
  "energy": -35011.22537667912,
  "homo": -9.916922616,
  "lumo": 1.7445228540000002,
  "homo_lumo_gap": 11.66144547
}