{
  "molecule_name": "mols_66_1_15_c-c-cOC-cOC",
  "dihedral_angle": 117.84565550386232,
  "energy": -19141.145273366845,
  "homo": -9.159085126,
  "lumo": 2.415555978,
  "homo_lumo_gap": 11.574641104000001
}