{
  "molecule_name": "mols_66_5_06_c-c-c-cOC",
  "dihedral_angle": 141.65421219895072,
  "energy": -84317.74530609745,
  "homo": -9.28180854,
  "lumo": 0.637018874,
  "homo_lumo_gap": 9.918827414
}