{
  "molecule_name": "mols_55_5_01_C-CF",
  "dihedral_angle": -179.47391153679243,
  "energy": -166855.38859717984,
  "homo": -8.154168124,
  "lumo": -0.288712954,
  "homo_lumo_gap": 7.86545517
}