{
  "molecule_name": "mols_66_7_16_c-n-cOC-cOC",
  "dihedral_angle": 125.09572387248939,
  "energy": -151346.36672419956,
  "homo": -15.39076784,
  "lumo": -4.027831428000001,
  "homo_lumo_gap": 11.362936412
}