{
  "molecule_name": "mols_65_3_38_cOC-cOC-CF",
  "dihedral_angle": 128.03481081950312,
  "energy": -92314.94746762162,
  "homo": -8.487235660000001,
  "lumo": 0.973623892,
  "homo_lumo_gap": 9.460859552000002
}