{
  "molecule_name": "mols_65_3_37_cOC-cOC-N",
  "dihedral_angle": 126.28231310284353,
  "energy": -84755.15445008175,
  "homo": -9.035817484,
  "lumo": 0.662325476,
  "homo_lumo_gap": 9.69814296
}