{
  "molecule_name": "mols_65_5_19_n-n-COC",
  "dihedral_angle": -179.44494064933704,
  "energy": -127892.9773254503,
  "homo": -8.36070265,
  "lumo": 0.004353824000000001,
  "homo_lumo_gap": 8.365056474000001
}