{
  "molecule_name": "mols_66_1_05_n-n-c-cF",
  "dihedral_angle": 141.9762065510001,
  "energy": -16684.67501387903,
  "homo": -10.105769732,
  "lumo": 1.479755932,
  "homo_lumo_gap": 11.585525664
}