{
  "molecule_name": "mols_65_3_32_cF-cOC-C",
  "dihedral_angle": 149.72327921947283,
  "energy": -82031.32931185242,
  "homo": -8.367777614000001,
  "lumo": 0.51157432,
  "homo_lumo_gap": 8.879351934
}