{
  "molecule_name": "mols_65_5_35_cF-cOC-COC",
  "dihedral_angle": 48.20324101587311,
  "energy": -155501.11505654905,
  "homo": -8.310905788000001,
  "lumo": 0.828042902,
  "homo_lumo_gap": 9.138948690000001
}