{
  "molecule_name": "mols_66_1_08_n-n-c-cOC",
  "dihedral_angle": 137.32134146215697,
  "energy": -16740.52583315717,
  "homo": -9.583582966,
  "lumo": 1.5695535520000001,
  "homo_lumo_gap": 11.153136518
}