{
  "molecule_name": "mols_65_5_31_cF-cF-COC",
  "dihedral_angle": 129.33224909352927,
  "energy": -162368.0011007574,
  "homo": -13.970604874000001,
  "lumo": -2.957334952,
  "homo_lumo_gap": 11.013269922000001
}