{
  "molecule_name": "mols_66_1_09_c-c-cF-cF",
  "dihedral_angle": 126.86905570589965,
  "energy": -18365.394555917617,
  "homo": -9.973522328000001,
  "lumo": 1.792414918,
  "homo_lumo_gap": 11.765937246000002
}