{
  "molecule_name": "mols_65_1_00_c-c-C",
  "dihedral_angle": 179.9900682593311,
  "energy": -22545.42191921403,
  "homo": -10.205091342,
  "lumo": 1.6707799600000002,
  "homo_lumo_gap": 11.875871302
}