{
  "molecule_name": "mols_66_5_16_c-n-cOC-cOC",
  "dihedral_angle": 125.97139416917624,
  "energy": -96942.64332596642,
  "homo": -8.695674984,
  "lumo": 0.88709164,
  "homo_lumo_gap": 9.582766624
}