{
  "molecule_name": "mols_65_7_36_cOC-cOC-C",
  "dihedral_angle": 143.30322957729524,
  "energy": -198373.13443898244,
  "homo": -7.743820212,
  "lumo": 0.8691321160000002,
  "homo_lumo_gap": 8.612952328
}