{
  "molecule_name": "mols_65_1_27_n-cOC-COC",
  "dihedral_angle": 136.02462346102533,
  "energy": -28328.61122490119,
  "homo": -8.873093312,
  "lumo": 1.7567679840000003,
  "homo_lumo_gap": 10.629861296
}