{
  "molecule_name": "mols_65_1_37_cOC-cOC-N",
  "dihedral_angle": 98.76326688217465,
  "energy": -29060.241075690803,
  "homo": -9.944678244,
  "lumo": 2.816652014,
  "homo_lumo_gap": 12.761330258000001
}