{
  "molecule_name": "mols_65_1_04_c-n-C",
  "dihedral_angle": 0.034305762947444,
  "energy": -21975.90677722905,
  "homo": -9.359088916000001,
  "lumo": 1.194308346,
  "homo_lumo_gap": 10.553397262
}