{
  "molecule_name": "mols_65_7_20_n-cF-C",
  "dihedral_angle": 179.97494390360336,
  "energy": -188005.17308548413,
  "homo": -16.646029722,
  "lumo": -6.727746536,
  "homo_lumo_gap": 9.918283186000002
}