{
  "molecule_name": "mols_65_3_28_cF-cF-C",
  "dihedral_angle": 26.183638620448015,
  "energy": -81707.12217504632,
  "homo": -8.747648758,
  "lumo": 0.10476389000000001,
  "homo_lumo_gap": 8.852412648
}