{
  "molecule_name": "mols_65_1_36_cOC-cOC-C",
  "dihedral_angle": 136.83948852673495,
  "energy": -27985.992751451766,
  "homo": -9.123166078,
  "lumo": 1.8756818020000001,
  "homo_lumo_gap": 10.998847880000001
}