{
  "molecule_name": "mols_66_3_12_c-c-cF-cOC",
  "dihedral_angle": 41.45648724614458,
  "energy": -60169.23230752258,
  "homo": -11.290554088,
  "lumo": -0.189663458,
  "homo_lumo_gap": 11.10089063
}