{
  "molecule_name": "mols_65_7_02_c-c-CF",
  "dihedral_angle": 158.45027023715016,
  "energy": -171032.12833972805,
  "homo": -8.39199576,
  "lumo": -0.053334344,
  "homo_lumo_gap": 8.338661416
}