{
  "molecule_name": "mols_65_3_39_cOC-cOC-COC",
  "dihedral_angle": 124.8486548699165,
  "energy": -93245.82908082724,
  "homo": -8.15117487,
  "lumo": 1.134987494,
  "homo_lumo_gap": 9.286162364
}