{
  "molecule_name": "mols_65_3_16_n-n-C",
  "dihedral_angle": -179.91090890450732,
  "energy": -67218.85022667925,
  "homo": -8.920985376,
  "lumo": 0.01632684,
  "homo_lumo_gap": 8.937312216
}