{
  "molecule_name": "mols_65_3_24_n-cOC-C",
  "dihedral_angle": -179.95512072914914,
  "energy": -78594.93339583278,
  "homo": -8.63553779,
  "lumo": 0.343407868,
  "homo_lumo_gap": 8.978945658
}