{
  "molecule_name": "mols_65_5_26_n-cOC-CF",
  "dihedral_angle": 146.9698173582179,
  "energy": -138885.3703228605,
  "homo": -8.43009172,
  "lumo": -0.021497006000000003,
  "homo_lumo_gap": 8.408594714
}