{
  "molecule_name": "mols_66_7_03_c-c-c-cF",
  "dihedral_angle": 138.61090636783166,
  "energy": -107868.24073218196,
  "homo": -8.843705,
  "lumo": 0.455246722,
  "homo_lumo_gap": 9.298951722
}