{
  "molecule_name": "mols_66_3_02_n-n-c-c",
  "dihedral_angle": 146.02081491042645,
  "energy": -41254.40412702828,
  "homo": -9.177044650000001,
  "lumo": 0.48028121,
  "homo_lumo_gap": 9.65732586
}