{
  "molecule_name": "mols_66_3_09_c-c-cF-cF",
  "dihedral_angle": 39.17573223910014,
  "energy": -58268.10904899436,
  "homo": -10.971092252,
  "lumo": -0.114015766,
  "homo_lumo_gap": 10.857076486
}