{
  "molecule_name": "mols_66_3_03_c-c-c-cF",
  "dihedral_angle": 40.83514492254881,
  "energy": -46372.94289673802,
  "homo": -8.992279244,
  "lumo": 0.7074964,
  "homo_lumo_gap": 9.699775644
}