{
  "molecule_name": "mols_55_5_07_N-N",
  "dihedral_angle": -179.989097880547,
  "energy": -156070.32722223492,
  "homo": -9.048606842,
  "lumo": -0.6340256200000001,
  "homo_lumo_gap": 8.414581221999999
}