{
  "molecule_name": "mols_66_7_10_c-n-cF-cF",
  "dihedral_angle": 137.03779751636512,
  "energy": -133282.38560763188,
  "homo": -9.388205114,
  "lumo": 0.24871219600000002,
  "homo_lumo_gap": 9.63691731
}