{
  "molecule_name": "mols_65_3_10_c-cF-CF",
  "dihedral_angle": 134.83608583003004,
  "energy": -80933.32912636768,
  "homo": -8.974591834,
  "lumo": 0.221228682,
  "homo_lumo_gap": 9.195820516
}