{
  "molecule_name": "mols_55_1_08_N-COC",
  "dihedral_angle": 179.99927799638627,
  "energy": -33895.94382453502,
  "homo": -9.016769504,
  "lumo": 1.278119458,
  "homo_lumo_gap": 10.294888962000002
}