{
  "molecule_name": "mols_65_7_09_c-cF-N",
  "dihedral_angle": 149.7400765984104,
  "energy": -173953.78099433685,
  "homo": -8.883705758,
  "lumo": -0.35456454200000004,
  "homo_lumo_gap": 8.529141216
}