{
  "molecule_name": "mols_65_1_25_n-cOC-N",
  "dihedral_angle": 179.99932617360986,
  "energy": -26771.418682756932,
  "homo": -10.39883651,
  "lumo": 1.277031002,
  "homo_lumo_gap": 11.675867512
}