{
  "molecule_name": "mols_66_1_07_c-n-c-cOC",
  "dihedral_angle": 150.49961169549337,
  "energy": -16269.657375185305,
  "homo": -9.59065793,
  "lumo": 1.475402108,
  "homo_lumo_gap": 11.066060038
}