{
  "molecule_name": "mols_65_3_19_n-n-COC",
  "dihedral_angle": 179.82980308446267,
  "energy": -76735.93122364726,
  "homo": -8.483698178000001,
  "lumo": 0.21905177,
  "homo_lumo_gap": 8.702749948000001
}