{
  "molecule_name": "mols_65_1_18_n-n-CF",
  "dihedral_angle": 179.9683461103683,
  "energy": -25124.20846259232,
  "homo": -9.867942096,
  "lumo": 1.049815812,
  "homo_lumo_gap": 10.917757908
}