{
  "molecule_name": "mols_66_7_06_c-c-c-cOC",
  "dihedral_angle": 132.90650838893185,
  "energy": -113434.54138083212,
  "homo": -8.393084216,
  "lumo": 1.159749868,
  "homo_lumo_gap": 9.552834084
}