{
  "molecule_name": "mols_66_1_17_n-n-cOC-cOC",
  "dihedral_angle": 117.26662173910964,
  "energy": -19984.492323932784,
  "homo": -9.453784588000001,
  "lumo": 2.00956189,
  "homo_lumo_gap": 11.463346478000002
}