{
  "molecule_name": "mols_65_7_24_n-cOC-C",
  "dihedral_angle": -179.54126179752862,
  "energy": -180150.78809097424,
  "homo": -7.91307512,
  "lumo": 0.174425074,
  "homo_lumo_gap": 8.087500194
}