{
  "molecule_name": "mols_65_1_12_c-cOC-C",
  "dihedral_angle": 179.99178409955908,
  "energy": -26527.399833054704,
  "homo": -13.493044804000002,
  "lumo": -0.31701281000000003,
  "homo_lumo_gap": 13.176031994000002
}