{
  "molecule_name": "mols_55_3_09_COC-COC",
  "dihedral_angle": 179.99857993588796,
  "energy": -109786.77433477962,
  "homo": -7.261089976000001,
  "lumo": 0.540690518,
  "homo_lumo_gap": 7.801780494000001
}