{
  "molecule_name": "mols_65_5_14_c-cOC-CF",
  "dihedral_angle": 20.680994581426432,
  "energy": -136811.40201537518,
  "homo": -8.337028732,
  "lumo": 0.325720458,
  "homo_lumo_gap": 8.66274919
}