{
  "molecule_name": "mols_65_7_38_cOC-cOC-CF",
  "dihedral_angle": 128.17670338824465,
  "energy": -213395.78425348212,
  "homo": -8.363151676000001,
  "lumo": 0.664230274,
  "homo_lumo_gap": 9.02738195
}