{
  "molecule_name": "mols_66_3_06_c-c-c-cOC",
  "dihedral_angle": 134.08914460602927,
  "energy": -47724.74880358677,
  "homo": -8.560978554,
  "lumo": 1.143967256,
  "homo_lumo_gap": 9.70494581
}