{
  "molecule_name": "mols_66_3_16_c-n-cOC-cOC",
  "dihedral_angle": 125.17414536728211,
  "energy": -60381.99416132413,
  "homo": -8.787921630000001,
  "lumo": 1.533090276,
  "homo_lumo_gap": 10.321011906
}