{
  "molecule_name": "mols_65_5_10_c-cF-CF",
  "dihedral_angle": 134.8278349007936,
  "energy": -134912.25470041283,
  "homo": -8.817309942,
  "lumo": -0.08299477000000001,
  "homo_lumo_gap": 8.734315171999999
}