{
  "molecule_name": "mols_65_7_26_n-cOC-CF",
  "dihedral_angle": 146.74610063874073,
  "energy": -195413.2832676003,
  "homo": -8.33621239,
  "lumo": -0.045715152,
  "homo_lumo_gap": 8.290497238
}