{
  "molecule_name": "mols_66_1_01_c-n-c-c",
  "dihedral_angle": 18.00557094837611,
  "energy": -13141.960568984583,
  "homo": -9.583310852,
  "lumo": 1.3820670060000002,
  "homo_lumo_gap": 10.965377858
}