{
  "molecule_name": "mols_65_5_06_c-n-CF",
  "dihedral_angle": -175.11516846154112,
  "energy": -124163.04115034951,
  "homo": -8.62465323,
  "lumo": -0.20979989400000001,
  "homo_lumo_gap": 8.414853336
}