{
  "molecule_name": "mols_66_5_00_c-c-c-c",
  "dihedral_angle": 140.44132179545196,
  "energy": -63957.934006276955,
  "homo": -8.658395365999999,
  "lumo": 0.802192072,
  "homo_lumo_gap": 9.460587438
}