{
  "molecule_name": "mols_65_5_29_cF-cF-N",
  "dihedral_angle": 154.26292556949906,
  "energy": -138007.15642877764,
  "homo": -9.188201324000001,
  "lumo": -0.428851664,
  "homo_lumo_gap": 8.759349660000002
}