{
  "molecule_name": "mols_55_7_06_CF-COC",
  "dihedral_angle": -178.91554928607283,
  "energy": -254137.89467953146,
  "homo": -7.705180024000001,
  "lumo": -0.117281134,
  "homo_lumo_gap": 7.587898890000001
}