{
  "molecule_name": "mols_65_3_34_cF-cOC-CF",
  "dihedral_angle": 128.0359865558324,
  "energy": -93335.0897061616,
  "homo": -8.99880998,
  "lumo": 0.7178367320000001,
  "homo_lumo_gap": 9.716646712000001
}