{
  "molecule_name": "mols_65_1_07_c-n-COC",
  "dihedral_angle": 0.009328709029742595,
  "energy": -25087.24866548274,
  "homo": -8.938944900000001,
  "lumo": 1.4345850080000002,
  "homo_lumo_gap": 10.373529908000002
}