{
  "molecule_name": "mols_65_7_01_c-c-N",
  "dihedral_angle": -179.9968834523293,
  "energy": -160111.38358301952,
  "homo": -9.046702044,
  "lumo": -0.19673842200000002,
  "homo_lumo_gap": 8.849963622
}