{
  "molecule_name": "mols_65_5_25_n-cOC-N",
  "dihedral_angle": -179.21498697706727,
  "energy": -128008.4061914253,
  "homo": -8.636082018,
  "lumo": -0.17741832800000001,
  "homo_lumo_gap": 8.45866369
}