{
  "molecule_name": "mols_55_1_06_CF-COC",
  "dihedral_angle": -179.99998933486248,
  "energy": -37024.316303621126,
  "homo": -8.708192228000001,
  "lumo": 1.824252256,
  "homo_lumo_gap": 10.532444484
}