{
  "molecule_name": "mols_66_1_11_n-n-cF-cF",
  "dihedral_angle": 45.93261809618205,
  "energy": -19682.815761583188,
  "homo": -10.395571142,
  "lumo": 1.540709468,
  "homo_lumo_gap": 11.936280609999999
}