{
  "molecule_name": "mols_66_5_12_c-c-cF-cOC",
  "dihedral_angle": 123.46938085192824,
  "energy": -92875.59369057778,
  "homo": -8.753091038,
  "lumo": 0.831036156,
  "homo_lumo_gap": 9.584127194
}