{
  "molecule_name": "mols_55_7_04_CF-CF",
  "dihedral_angle": -179.964216611902,
  "energy": -259186.05711073687,
  "homo": -8.582747674,
  "lumo": -0.39374895800000004,
  "homo_lumo_gap": 8.188998716
}