{
  "molecule_name": "mols_66_7_11_n-n-cF-cF",
  "dihedral_angle": 43.84551598195137,
  "energy": -133973.79914313945,
  "homo": -9.704401582000001,
  "lumo": -0.151295384,
  "homo_lumo_gap": 9.553106198
}