{
  "molecule_name": "mols_65_1_32_cF-cOC-C",
  "dihedral_angle": 141.5127672067759,
  "energy": -27532.065986981495,
  "homo": -9.210242558000001,
  "lumo": 1.7110528320000002,
  "homo_lumo_gap": 10.921295390000001
}