{
  "molecule_name": "mols_65_5_22_n-cF-CF",
  "dihedral_angle": -179.9882038567055,
  "energy": -145749.42187471673,
  "homo": -11.66688775,
  "lumo": -1.9907860240000002,
  "homo_lumo_gap": 9.676101726
}