{
  "molecule_name": "mols_65_5_09_c-cF-N",
  "dihedral_angle": -0.3218030906697069,
  "energy": -123320.31498779407,
  "homo": -8.873365426,
  "lumo": -0.348850148,
  "homo_lumo_gap": 8.524515277999999
}