{
  "molecule_name": "mols_65_7_07_c-n-COC",
  "dihedral_angle": 164.74015995126123,
  "energy": -177151.32005403683,
  "homo": -7.906000156000001,
  "lumo": 0.152928068,
  "homo_lumo_gap": 8.058928224
}