{
  "molecule_name": "mols_66_1_03_c-c-c-cF",
  "dihedral_angle": 42.531097403407266,
  "energy": -15468.18881164383,
  "homo": -9.711476546,
  "lumo": 1.6939096500000002,
  "homo_lumo_gap": 11.405386196
}