{
  "molecule_name": "mols_65_1_22_n-cF-CF",
  "dihedral_angle": 151.21071876036066,
  "energy": -28147.94670232574,
  "homo": -9.817328892,
  "lumo": 1.4171697120000002,
  "homo_lumo_gap": 11.234498604
}