{
  "molecule_name": "mols_55_7_01_C-CF",
  "dihedral_angle": 179.99161298529594,
  "energy": -243294.00050809348,
  "homo": -10.11991966,
  "lumo": -1.195668916,
  "homo_lumo_gap": 8.924250744
}