{
  "molecule_name": "mols_66_3_13_c-n-cF-cOC",
  "dihedral_angle": 133.58178560945956,
  "energy": -61213.22393514278,
  "homo": -11.06007353,
  "lumo": 0.011156674,
  "homo_lumo_gap": 11.071230204
}