{
  "molecule_name": "mols_55_3_08_N-COC",
  "dihedral_angle": 179.67480085783936,
  "energy": -102661.93947137732,
  "homo": -8.150630642000001,
  "lumo": 0.21823542799999998,
  "homo_lumo_gap": 8.368866070000001
}