{
  "molecule_name": "mols_65_1_20_n-cF-C",
  "dihedral_angle": 179.99999865462536,
  "energy": -24847.692897823705,
  "homo": -9.430382783999999,
  "lumo": 1.019339044,
  "homo_lumo_gap": 10.449721828
}