{
  "molecule_name": "mols_55_1_02_C-N",
  "dihedral_angle": 179.99991055544282,
  "energy": -31174.102156816898,
  "homo": -9.474193138,
  "lumo": 1.08437429,
  "homo_lumo_gap": 10.558567428
}