{
  "molecule_name": "mols_65_5_28_cF-cF-C",
  "dihedral_angle": 154.43622002961922,
  "energy": -135257.60390615286,
  "homo": -8.640707956,
  "lumo": -0.20544607,
  "homo_lumo_gap": 8.435261886
}