{
  "molecule_name": "mols_55_3_05_CF-N",
  "dihedral_angle": -179.91405138849427,
  "energy": -107982.07271293059,
  "homo": -17.30508983,
  "lumo": -6.635772004,
  "homo_lumo_gap": 10.669317826
}