{
  "molecule_name": "mols_65_3_30_cF-cF-CF",
  "dihedral_angle": 131.91477645864552,
  "energy": -90039.07724736487,
  "homo": -9.302489204,
  "lumo": 0.18639809000000002,
  "homo_lumo_gap": 9.488887294000001
}