{
  "molecule_name": "mols_66_1_06_c-c-c-cOC",
  "dihedral_angle": 45.94098259824792,
  "energy": -15983.766714095313,
  "homo": -9.257590394000001,
  "lumo": 2.058270296,
  "homo_lumo_gap": 11.315860690000001
}