{
  "molecule_name": "mols_65_3_00_c-c-C",
  "dihedral_angle": 29.054824676580882,
  "energy": -65291.495596518114,
  "homo": -8.39335633,
  "lumo": 0.54286743,
  "homo_lumo_gap": 8.936223759999999
}