{
  "molecule_name": "mols_65_5_20_n-cF-C",
  "dihedral_angle": 179.97235855555593,
  "energy": -129245.42811499552,
  "homo": -9.312829536,
  "lumo": -0.42994012000000004,
  "homo_lumo_gap": 8.882889416000001
}