{
  "molecule_name": "mols_66_5_11_n-n-cF-cF",
  "dihedral_angle": 42.10329229343263,
  "energy": -99824.07355225219,
  "homo": -10.292167822000001,
  "lumo": 0.017143182,
  "homo_lumo_gap": 10.309311004000001
}