{
  "molecule_name": "mols_65_5_01_c-c-N",
  "dihedral_angle": -179.9842744063214,
  "energy": -110754.58347822489,
  "homo": -8.666286672,
  "lumo": -0.098505268,
  "homo_lumo_gap": 8.567781404
}