{
  "molecule_name": "mols_66_5_17_n-n-cOC-cOC",
  "dihedral_angle": 118.1177257466764,
  "energy": -100021.80267302558,
  "homo": -8.969965896,
  "lumo": 0.895527174,
  "homo_lumo_gap": 9.86549307
}