{
  "molecule_name": "mols_65_7_22_n-cF-CF",
  "dihedral_angle": 153.83025782153157,
  "energy": -191744.3024919362,
  "homo": -8.923162288,
  "lumo": -0.510757978,
  "homo_lumo_gap": 8.41240431
}