{
  "molecule_name": "mols_65_1_05_c-n-N",
  "dihedral_angle": 166.04479402499706,
  "energy": -22701.59934032552,
  "homo": -9.889711216,
  "lumo": 1.099884788,
  "homo_lumo_gap": 10.989596004000001
}