{
  "molecule_name": "mols_66_5_04_c-n-c-cF",
  "dihedral_angle": 163.34196438124184,
  "energy": -79356.37298538379,
  "homo": -9.048606842,
  "lumo": 0.13469643,
  "homo_lumo_gap": 9.183303272
}