{
  "molecule_name": "mols_55_1_01_C-CF",
  "dihedral_angle": 179.99997768222994,
  "energy": -33992.0552275803,
  "homo": -9.32806792,
  "lumo": 1.577716972,
  "homo_lumo_gap": 10.905784892
}