{
  "molecule_name": "mols_65_1_06_c-n-CF",
  "dihedral_angle": 0.018885671987640983,
  "energy": -26065.663281163193,
  "homo": -11.51314334,
  "lumo": 1.1224702500000001,
  "homo_lumo_gap": 12.635613589999998
}