{
  "molecule_name": "mols_65_7_00_c-c-C",
  "dihedral_angle": 148.96841769065998,
  "energy": -150361.62509716873,
  "homo": -8.2722656,
  "lumo": 0.26531115,
  "homo_lumo_gap": 8.537576750000001
}