{
  "molecule_name": "mols_65_7_19_n-n-COC",
  "dihedral_angle": -0.01425023798288184,
  "energy": -178807.5813348314,
  "homo": -8.330225882,
  "lumo": -0.082450542,
  "homo_lumo_gap": 8.24777534
}