{
  "molecule_name": "mols_65_1_11_c-cF-COC",
  "dihedral_angle": 130.82304420114718,
  "energy": -28203.73880092652,
  "homo": -9.341129392,
  "lumo": 2.203307058,
  "homo_lumo_gap": 11.54443645
}