{
  "molecule_name": "mols_65_3_06_c-n-CF",
  "dihedral_angle": 171.88396665522194,
  "energy": -74276.91629558515,
  "homo": -8.75662852,
  "lumo": -0.0010884560000000002,
  "homo_lumo_gap": 8.755540064
}