{
  "molecule_name": "mols_65_3_09_c-cF-N",
  "dihedral_angle": 152.13134321494127,
  "energy": -75637.73401891888,
  "homo": -9.009966654000001,
  "lumo": 0.13143106200000002,
  "homo_lumo_gap": 9.141397716000002
}