{
  "molecule_name": "mols_65_1_31_cF-cF-COC",
  "dihedral_angle": 126.27757687148258,
  "energy": -31312.024374747143,
  "homo": -9.874472832,
  "lumo": 2.275145154,
  "homo_lumo_gap": 12.149617986
}