{
  "molecule_name": "mols_65_5_24_n-cOC-C",
  "dihedral_angle": -179.98905870933578,
  "energy": -130229.49773936017,
  "homo": -8.135936486,
  "lumo": 0.20190858800000003,
  "homo_lumo_gap": 8.337845074
}