{
  "molecule_name": "mols_55_5_03_C-COC",
  "dihedral_angle": -179.80711803239126,
  "energy": -170222.93434919388,
  "homo": -7.391704696,
  "lumo": 0.184221178,
  "homo_lumo_gap": 7.575925873999999
}