{
  "molecule_name": "mols_65_5_04_c-n-C",
  "dihedral_angle": 0.20816279883744718,
  "energy": -110584.01525826326,
  "homo": -8.374580464,
  "lumo": 0.005442280000000001,
  "homo_lumo_gap": 8.380022744
}