{
  "molecule_name": "mols_65_1_10_c-cF-CF",
  "dihedral_angle": 27.136143151778267,
  "energy": -27374.245743827552,
  "homo": -9.520452518,
  "lumo": 1.5096884720000001,
  "homo_lumo_gap": 11.030140990000001
}