{
  "molecule_name": "mols_66_3_05_n-n-c-cF",
  "dihedral_angle": -0.016917712894037693,
  "energy": -52817.02379506313,
  "homo": -11.975192912,
  "lumo": -1.3480527560000002,
  "homo_lumo_gap": 10.627140156000001
}