{
  "molecule_name": "mols_65_1_38_cOC-cOC-CF",
  "dihedral_angle": 126.93909681987105,
  "energy": -30580.477012051262,
  "homo": -9.204528164000001,
  "lumo": 2.0805836440000003,
  "homo_lumo_gap": 11.285111808000002
}