{
  "molecule_name": "mols_65_1_23_n-cF-COC",
  "dihedral_angle": 144.03944689683186,
  "energy": -28991.382009747795,
  "homo": -9.796104,
  "lumo": 1.860171304,
  "homo_lumo_gap": 11.656275304
}