{
  "molecule_name": "mols_65_3_07_c-n-COC",
  "dihedral_angle": 0.0054025853716250126,
  "energy": -79183.71650544222,
  "homo": -9.15527553,
  "lumo": 0.22857576,
  "homo_lumo_gap": 9.38385129
}