{
  "molecule_name": "mols_65_7_15_c-cOC-COC",
  "dihedral_angle": 24.96471574511353,
  "energy": -195964.96792862922,
  "homo": -7.550891386000001,
  "lumo": 0.612800728,
  "homo_lumo_gap": 8.163692114000002
}