{
  "molecule_name": "mols_55_5_09_COC-COC",
  "dihedral_angle": -179.90470328330719,
  "energy": -192722.89176782433,
  "homo": -8.870372172,
  "lumo": -0.128709922,
  "homo_lumo_gap": 8.74166225
}