{
  "molecule_name": "mols_65_1_02_c-c-CF",
  "dihedral_angle": 152.60279050881016,
  "energy": -24389.458404567056,
  "homo": -9.398273332,
  "lumo": 1.46805503,
  "homo_lumo_gap": 10.866328362
}