{
  "molecule_name": "mols_55_5_06_CF-COC",
  "dihedral_angle": -179.9636729460526,
  "energy": -194389.7576215446,
  "homo": -14.854703260000003,
  "lumo": -5.042000306,
  "homo_lumo_gap": 9.812702954000002
}