{
  "molecule_name": "mols_55_5_05_CF-N",
  "dihedral_angle": 179.9779434300567,
  "energy": -168249.71844970607,
  "homo": -8.691321160000001,
  "lumo": -0.518921398,
  "homo_lumo_gap": 8.172399762000001
}