{
  "molecule_name": "mols_66_3_17_n-n-cOC-cOC",
  "dihedral_angle": 119.43554505997785,
  "energy": -59531.76673417345,
  "homo": -8.97704086,
  "lumo": 1.091449254,
  "homo_lumo_gap": 10.068490114000001
}