{
  "molecule_name": "mols_65_3_27_n-cOC-COC",
  "dihedral_angle": 138.00341972012973,
  "energy": -84879.05939994083,
  "homo": -8.058383996,
  "lumo": 0.7137550220000001,
  "homo_lumo_gap": 8.772139018
}