{
  "molecule_name": "mols_66_3_08_n-n-c-cOC",
  "dihedral_angle": 140.48392670417962,
  "energy": -50047.5732872154,
  "homo": -8.964251502,
  "lumo": 0.631848708,
  "homo_lumo_gap": 9.59610021
}