{
  "molecule_name": "mols_65_5_15_c-cOC-COC",
  "dihedral_angle": 0.007294607117270634,
  "energy": -150899.62162479886,
  "homo": -13.361341628000002,
  "lumo": -3.537209886,
  "homo_lumo_gap": 9.824131742000002
}