{
  "molecule_name": "mols_66_5_02_n-n-c-c",
  "dihedral_angle": 146.0386706040853,
  "energy": -67938.32090365552,
  "homo": -9.099220046000001,
  "lumo": 0.180139468,
  "homo_lumo_gap": 9.279359514000001
}