{
  "molecule_name": "mols_65_1_33_cF-cOC-N",
  "dihedral_angle": 20.557843764827055,
  "energy": -27827.625119693716,
  "homo": -9.482084444,
  "lumo": 1.32247404,
  "homo_lumo_gap": 10.804558484
}