{
  "molecule_name": "mols_65_5_05_c-n-N",
  "dihedral_angle": 0.0201791676383317,
  "energy": -116283.58926994682,
  "homo": -9.258950964,
  "lumo": -0.22939210200000001,
  "homo_lumo_gap": 9.029558862
}