{
  "molecule_name": "mols_65_3_14_c-cOC-CF",
  "dihedral_angle": 26.2644362651163,
  "energy": -82894.71641368033,
  "homo": -8.358253624,
  "lumo": 0.516200258,
  "homo_lumo_gap": 8.874453882
}