{
  "molecule_name": "mols_65_5_07_c-n-COC",
  "dihedral_angle": 162.98251429221028,
  "energy": -126187.43633748958,
  "homo": -7.949810510000001,
  "lumo": 0.204629728,
  "homo_lumo_gap": 8.154440238000001
}