{
  "molecule_name": "mols_65_5_02_c-c-CF",
  "dihedral_angle": 159.89265407082698,
  "energy": -123017.81756578064,
  "homo": -8.368593956,
  "lumo": 0.079185174,
  "homo_lumo_gap": 8.447779129999999
}