{
  "molecule_name": "mols_55_1_04_CF-CF",
  "dihedral_angle": 180.0,
  "energy": -37455.956040590165,
  "homo": -10.804286370000002,
  "lumo": 1.416897598,
  "homo_lumo_gap": 12.221183968000002
}