{
  "molecule_name": "mols_65_1_19_n-n-COC",
  "dihedral_angle": -179.99992275805528,
  "energy": -25653.82484524483,
  "homo": -9.195004174,
  "lumo": 1.3464200720000001,
  "homo_lumo_gap": 10.541424246
}