{
  "molecule_name": "mols_66_7_07_c-n-c-cOC",
  "dihedral_angle": 179.9449621175176,
  "energy": -120823.60685892873,
  "homo": -9.070648076000001,
  "lumo": 0.142315622,
  "homo_lumo_gap": 9.212963698000001
}