{
  "molecule_name": "mols_65_5_11_c-cF-COC",
  "dihedral_angle": 133.3029213884073,
  "energy": -143167.69828232192,
  "homo": -8.612680214000001,
  "lumo": 0.303951338,
  "homo_lumo_gap": 8.916631552
}