{
  "molecule_name": "mols_65_3_23_n-cF-COC",
  "dihedral_angle": 144.7033079157888,
  "energy": -83641.79093237895,
  "homo": -8.529957558000001,
  "lumo": 0.295515804,
  "homo_lumo_gap": 8.825473362000002
}