{
  "molecule_name": "mols_65_3_17_n-n-N",
  "dihedral_angle": -0.14397661005954127,
  "energy": -70789.50294613682,
  "homo": -9.724265904000001,
  "lumo": -0.051429546,
  "homo_lumo_gap": 9.672836358000001
}