{
  "molecule_name": "mols_65_7_25_n-cOC-N",
  "dihedral_angle": -179.01914784345558,
  "energy": -179702.00899194155,
  "homo": -8.523698936,
  "lumo": -0.260685212,
  "homo_lumo_gap": 8.263013724
}