{
  "molecule_name": "mols_65_1_16_n-n-C",
  "dihedral_angle": -0.03067667197434924,
  "energy": -23753.099954211095,
  "homo": -12.487311459999999,
  "lumo": 0.6625975900000001,
  "homo_lumo_gap": 13.14990905
}