{
  "molecule_name": "mols_65_5_17_n-n-N",
  "dihedral_angle": -179.7865241833826,
  "energy": -114999.5694394566,
  "homo": -9.427117416000002,
  "lumo": -0.46395437,
  "homo_lumo_gap": 8.963163046000002
}