{
  "molecule_name": "mols_65_5_39_cOC-cOC-COC",
  "dihedral_angle": 123.79637243822629,
  "energy": -157312.0244852855,
  "homo": -7.950082623999999,
  "lumo": 1.266418556,
  "homo_lumo_gap": 9.21650118
}