{
  "molecule_name": "mols_65_7_12_c-cOC-C",
  "dihedral_angle": 155.07471827686987,
  "energy": -172587.239066205,
  "homo": -7.906544384,
  "lumo": 0.275923596,
  "homo_lumo_gap": 8.18246798
}