{
  "molecule_name": "mols_65_7_03_c-c-COC",
  "dihedral_angle": 159.22437499941077,
  "energy": -173032.31721592235,
  "homo": -7.741371186000001,
  "lumo": 0.292250436,
  "homo_lumo_gap": 8.033621622000002
}