{
  "molecule_name": "mols_65_5_37_cOC-cOC-N",
  "dihedral_angle": -134.21898378271743,
  "energy": -142551.3436290171,
  "homo": -8.696219211999999,
  "lumo": 0.625045858,
  "homo_lumo_gap": 9.321265069999999
}