{
  "molecule_name": "mols_65_5_36_cOC-cOC-C",
  "dihedral_angle": 144.0540544258405,
  "energy": -142641.574611787,
  "homo": -7.810216028,
  "lumo": 0.9319904500000001,
  "homo_lumo_gap": 8.742206478
}