{
  "molecule_name": "mols_65_1_14_c-cOC-CF",
  "dihedral_angle": 26.461437707748342,
  "energy": -28137.709973921643,
  "homo": -9.157452442,
  "lumo": 1.985343744,
  "homo_lumo_gap": 11.142796186
}