{
  "molecule_name": "mols_65_3_25_n-cOC-N",
  "dihedral_angle": 179.44762281730178,
  "energy": -77007.25770178523,
  "homo": -8.669552040000001,
  "lumo": 0.047892064000000005,
  "homo_lumo_gap": 8.717444104
}