{
  "molecule_name": "mols_66_7_14_n-n-cF-cOC",
  "dihedral_angle": 125.34741920066601,
  "energy": -140137.78302270622,
  "homo": -9.3607216,
  "lumo": 0.59320852,
  "homo_lumo_gap": 9.953930119999999
}