{
  "molecule_name": "mols_65_7_13_c-cOC-N",
  "dihedral_angle": 137.86915059152562,
  "energy": -177055.23192571828,
  "homo": -8.409138942,
  "lumo": 0.10911771399999999,
  "homo_lumo_gap": 8.518256656
}