{
  "molecule_name": "mols_65_5_12_c-cOC-C",
  "dihedral_angle": 179.10880853916646,
  "energy": -127103.3368736119,
  "homo": -7.8123929400000005,
  "lumo": 0.415245964,
  "homo_lumo_gap": 8.227638904
}