{
  "molecule_name": "mols_55_1_09_COC-COC",
  "dihedral_angle": 179.99426557517026,
  "energy": -36814.18462945647,
  "homo": -8.14845373,
  "lumo": 1.807109074,
  "homo_lumo_gap": 9.955562804
}