{
  "molecule_name": "mols_66_5_13_c-n-cF-cOC",
  "dihedral_angle": 131.92941911043584,
  "energy": -95087.92994253492,
  "homo": -8.959081336,
  "lumo": 0.510757978,
  "homo_lumo_gap": 9.469839314000001
}