{
  "molecule_name": "mols_55_7_09_COC-COC",
  "dihedral_angle": -179.26771731570355,
  "energy": -258900.3059217048,
  "homo": -7.1005427160000005,
  "lumo": 0.442729478,
  "homo_lumo_gap": 7.543272194000001
}