{
  "molecule_name": "mols_66_7_04_c-n-c-cF",
  "dihedral_angle": 164.8886602824451,
  "energy": -112686.03674714218,
  "homo": -8.922073832,
  "lumo": 0.13524065799999999,
  "homo_lumo_gap": 9.057314490000001
}