{
  "molecule_name": "mols_65_1_01_c-c-N",
  "dihedral_angle": 179.9619268611605,
  "energy": -23071.104156132224,
  "homo": -10.966466314,
  "lumo": 1.27757523,
  "homo_lumo_gap": 12.244041544
}