{
  "molecule_name": "mols_65_1_39_cOC-cOC-COC",
  "dihedral_angle": 118.89161651021342,
  "energy": -31081.26560576086,
  "homo": -9.143302514,
  "lumo": 2.2778662940000003,
  "homo_lumo_gap": 11.421168808000001
}