{
  "molecule_name": "mols_65_7_31_cF-cF-COC",
  "dihedral_angle": 128.82779780645373,
  "energy": -210986.06329108757,
  "homo": -8.620843634,
  "lumo": 0.172520276,
  "homo_lumo_gap": 8.79336391
}