{
  "molecule_name": "mols_65_1_09_c-cF-N",
  "dihedral_angle": -0.017811119567417665,
  "energy": -25676.9121682107,
  "homo": -10.30495718,
  "lumo": 1.413088002,
  "homo_lumo_gap": 11.718045182000001
}