{
  "molecule_name": "mols_65_1_21_n-cF-N",
  "dihedral_angle": -179.99999272775003,
  "energy": -26252.14639737305,
  "homo": -10.753128938000001,
  "lumo": 1.026141894,
  "homo_lumo_gap": 11.779270832000002
}