{
  "molecule_name": "mols_65_1_24_n-cOC-C",
  "dihedral_angle": 179.99996117978893,
  "energy": -25351.77751064474,
  "homo": -8.996633068000001,
  "lumo": 1.33607974,
  "homo_lumo_gap": 10.332712808000002
}