{
  "molecule_name": "mols_66_3_11_n-n-cF-cF",
  "dihedral_angle": 43.77667586232256,
  "energy": -57261.13748425161,
  "homo": -9.757735926,
  "lumo": 0.10068218000000001,
  "homo_lumo_gap": 9.858418106
}